d,mstr,mstx,btc,strc,bps
2024-09-18,132.67,194.6,60062.36,,0.001075039464
2024-09-19,144.66,225.9,63292.32,,0.001075039464
2024-09-20,144.78,225.4,62823.8,,0.001092351224
2024-09-23,149.97,239.1,63303.59,,0.001092351224
2024-09-24,153.88,250.2,64316.33,,0.001092351224
2024-09-25,151.94,244.4,63168.1,,0.001092351224
2024-09-26,165.98,283.0,64750.05,,0.001092351224
2024-09-27,176.22,314.5,65690.01,,0.001092351224
2024-09-30,168.6,290.1,63453.5,,0.001092351224
2024-10-01,162.69,271.7,61720.09,,0.001092351224
2024-10-02,164.64,277.5,60175.88,,0.001092351224
2024-10-03,163.41,274.4,61047.96,,0.001092351224
2024-10-04,176.51,311.6,62395.7,,0.001092351224
2024-10-07,186.09,341.0,63346.47,,0.001092351224
2024-10-08,192.2,360.1,62208.73,,0.001092351224
2024-10-09,188.91,350.0,60984.15,,0.001092351224
2024-10-10,183.34,332.2,59689.07,,0.001092351224
2024-10-11,212.59,423.3,63084.94,,0.001092351224
2024-10-14,201.67,385.4,65922.28,,0.001092351224
2024-10-15,194.31,360.8,66976.7,,0.001092351224
2024-10-16,194.09,360.2,67741.09,,0.001092351224
2024-10-17,193.42,358.0,66822.01,,0.001092351224
2024-10-18,215.86,428.6,68606.95,,0.001092351224
2024-10-21,219.05,439.8,67749.96,,0.001092351224
2024-10-22,219.7,442.0,67474.05,,0.001092351224
2024-10-23,213.95,422.1,66375.54,,0.001092351224
2024-10-24,235.89,496.7,68247.05,,0.001092351224
2024-10-25,234.34,491.4,66721.38,,0.001092351224
2024-10-28,255.34,567.5,69600.55,,0.001092351224
2024-10-29,258.24,577.3,72520.77,,0.001092351224
2024-10-30,247.31,529.5,71835.64,,0.001092351224
2024-10-31,244.5,517.1,69967.27,,0.00106898769
2024-11-01,229.71,453.3,69233.02,,0.00106898769
2024-11-04,222.99,426.8,67285.69,,0.00106898769
2024-11-05,227.8,443.1,69440.12,,0.00106898769
2024-11-06,257.81,559.1,76191.23,,0.00106898769
2024-11-07,270.81,614.7,76595.79,,0.00106898769
2024-11-08,270.42,612.1,76751.16,,0.00106898769
2024-11-11,340.0,926.1,87063.15,,0.001150680101
2024-11-12,356.59,1019.8,89506.34,,0.001150680101
2024-11-13,328.38,853.0,89780.8,,0.001150680101
2024-11-14,327.67,852.2,87597.15,,0.001150680101
2024-11-15,340.65,915.2,91474.14,,0.001150680101
2024-11-18,384.79,1149.6,91543.16,,0.0012987637
2024-11-19,430.54,1421.6,92577.16,,0.0012987637
2024-11-20,473.83,1718.0,94345.41,,0.0012987637
2024-11-21,397.28,1185.1,98291.72,,0.0012987637
2024-11-22,421.88,1289.3,99223.33,,0.0012987637
2024-11-25,403.45,1128.2,94896.35,,0.001443338117
2024-11-26,353.69,832.9,91035.05,,0.001443338117
2024-11-27,388.84,1004.4,96612.73,,0.001443338117
2024-11-29,387.47,986.7,97418.6,,0.001443338117
2024-12-02,380.3,945.8,95684.75,,0.001479657295
2024-12-03,373.43,915.7,95671.78,,0.001479657295
2024-12-04,406.0,1068.0,98948.91,,0.001479657295
2024-12-05,386.4,965.5,99128.1,,0.001479657295
2024-12-06,395.01,1005.0,101554.53,,0.001479657295
2024-12-09,365.34,860.4,96220.38,,0.001527412183
2024-12-10,377.32,915.5,96505.16,,0.001527412183
2024-12-11,411.4,1071.0,101323.09,,0.001527412183
2024-12-12,392.19,975.5,99974.29,,0.001527412183
2024-12-13,408.67,1054.5,101703.7,,0.001527412183
2024-12-16,408.5,1049.3,105783.86,,0.001560637754
2024-12-17,386.42,936.7,106686.12,,0.001560637754
2024-12-18,349.64,759.7,100753.35,,0.001560637754
2024-12-19,326.46,658.7,96265.08,,0.001560637754
2024-12-20,364.2,806.0,96406.34,,0.001560637754
2024-12-23,332.23,665.8,93075.61,,0.001571201686
2024-12-24,358.18,761.1,97247.16,,0.001571201686
2024-12-26,341.05,686.8,95510.3,,0.001571201686
2024-12-27,330.0,639.6,94449.09,,0.001571201686
2024-12-30,302.96,530.2,94201.39,,0.00157510108
2024-12-31,289.62,351.8,93414.46,,0.00157510108
2025-01-02,300.01,377.3,97230.05,,0.00157510108
2025-01-03,339.66,474.8,98304.95,,0.00157510108
2025-01-06,379.09,586.5,102258.69,,0.001603694689
2025-01-07,341.43,468.2,96437.36,,0.001603694689
2025-01-08,331.7,440.8,93933.62,,0.001603694689
2025-01-10,327.91,430.8,94674.34,,0.001603694689
2025-01-13,328.4,431.2,93562.87,,0.001606605779
2025-01-14,342.17,467.8,96469.26,,0.001606605779
2025-01-15,360.62,516.2,99620.57,,0.001606605779
2025-01-16,367.0,534.6,100359.09,,0.001606605779
2025-01-17,396.5,619.1,104682.25,,0.001606605779
2025-01-21,389.1,596.4,106144.49,,0.001620132816
2025-01-22,377.31,558.4,104270.18,,0.001620132816
2025-01-23,373.12,546.5,103092.6,,0.001620132816
2025-01-24,353.67,488.5,104820.03,,0.001620132816
2025-01-27,347.92,472.7,101426.37,,0.001630607865
2025-01-28,335.93,439.7,101217.89,,0.001630607865
2025-01-29,341.25,452.5,104276.54,,0.001630607865
2025-01-30,340.09,450.1,104992.89,,0.001630607865
2025-01-31,334.79,434.1,101644.71,,0.001630607865
2025-02-03,347.09,464.5,101192.56,,0.001630607865
2025-02-04,348.31,467.3,98506.55,,0.001630607865
2025-02-05,336.7,435.1,97326.02,,0.001630607865
2025-02-06,325.46,407.8,96876.37,,0.001630607865
2025-02-07,327.56,411.1,95765.42,,0.001630607865
2025-02-10,334.62,428.3,97370.27,,0.001637381601
2025-02-11,319.46,388.9,95251.04,,0.001637381601
2025-02-12,326.82,407.1,96981.66,,0.001637381601
2025-02-13,324.92,401.6,96294.85,,0.001637381601
2025-02-14,337.73,432.5,97221.52,,0.001637381601
2025-02-18,333.97,422.2,94117.42,,0.001637381601
2025-02-19,318.67,385.0,96109.45,,0.001637381601
2025-02-20,323.92,395.6,98513.58,,0.001637381601
2025-02-21,299.69,337.1,94939.21,,0.001637381601
2025-02-24,282.76,297.7,93989.52,,0.001650352119
2025-02-25,250.51,230.6,88187.09,,0.001650352119
2025-02-26,263.27,253.5,84272.08,,0.001650352119
2025-02-27,240.05,207.9,83392.77,,0.001650352119
2025-02-28,255.43,234.5,84142.34,,0.001650352119
2025-03-03,250.92,226.6,86002.85,,0.001650352119
2025-03-04,275.15,268.3,86902.22,,0.001650352119
2025-03-05,308.55,333.8,90514.13,,0.001650352119
2025-03-06,304.11,323.8,89061.9,,0.001650352119
2025-03-07,287.18,286.65,87073.46,,0.001650352119
2025-03-10,239.27,192.7,78939.75,,0.001650352119
2025-03-11,260.59,224.6,83118.8,,0.001650352119
2025-03-12,262.55,228.5,82908.83,,0.001650352119
2025-03-13,263.26,229.2,80147.98,,0.001650352119
2025-03-14,297.49,287.1,84522.01,,0.001650352119
2025-03-17,294.27,281.7,84475.27,,0.001650479885
2025-03-18,283.19,260.6,82281.98,,0.001650479885
2025-03-19,304.23,298.0,85445.69,,0.001650479885
2025-03-20,302.07,293.1,84124.72,,0.001650479885
2025-03-21,304.0,296.7,83943.97,,0.001650479885
2025-03-24,335.72,357.4,88284.34,,0.001658546841
2025-03-25,341.81,370.2,88198.74,,0.001658546841
2025-03-26,329.31,344.0,86573.34,,0.001658546841
2025-03-27,324.59,333.0,87031.5,,0.001658546841
2025-03-28,289.41,260.5,83733.74,,0.001658546841
2025-03-31,288.27,258.0,82431.02,,0.001727984761
2025-04-01,306.02,289.8,84964.98,,0.001727984761
2025-04-02,312.54,302.1,86924.01,,0.001727984761
2025-04-03,282.28,242.7,81941.55,,0.001727984761
2025-04-04,293.61,260.3,83965.83,,0.001727984761
2025-04-07,268.14,216.0,78064.83,,0.001727984761
2025-04-08,237.95,167.5,76826.33,,0.001727984761
2025-04-09,296.86,249.2,82288.2,,0.001727984761
2025-04-10,272.34,209.0,79589.05,,0.001727984761
2025-04-11,299.98,249.9,83802.05,,0.001727984761
2025-04-14,311.45,268.9,84887.25,,0.001731380119
2025-04-15,310.72,267.5,84000.38,,0.001731380119
2025-04-16,311.66,269.0,84350.55,,0.001731380119
2025-04-17,317.2,277.5,84870.23,,0.001731380119
2025-04-21,317.76,278.7,87429.99,,0.001737590077
2025-04-22,343.03,321.3,91529.09,,0.001737590077
2025-04-23,345.73,326.3,93559.17,,0.001737590077
2025-04-24,350.34,334.5,93621.09,,0.001737590077
2025-04-25,368.71,368.8,95355.86,,0.001737590077
2025-04-28,369.25,370.0,94828.6,,0.001754040406
2025-04-29,381.45,394.1,95339.41,,0.001754040406
2025-04-30,380.11,390.4,94168.61,,0.001754040406
2025-05-01,381.6,393.1,96546.35,,0.001754040406
2025-05-02,394.37,418.6,96953.31,,0.001754040406
2025-05-05,386.53,400.8,94323.05,,0.001827511673
2025-05-06,385.6,398.2,94986.14,,0.001827511673
2025-05-07,392.48,412.7,96215.97,,0.001827511673
2025-05-08,414.38,458.7,101286.35,,0.001827511673
2025-05-09,416.03,461.1,103164.99,,0.001827511673
2025-05-12,404.9,436.0,101862.51,,0.001847036635
2025-05-13,421.61,472.3,104846.15,,0.001847036635
2025-05-14,416.75,460.2,103350.46,,0.001847036635
2025-05-15,397.03,416.9,103185.02,,0.001847036635
2025-05-16,399.8,420.2,104021.9,,0.001847036635
2025-05-19,413.42,448.9,105536.28,,0.001857398659
2025-05-20,416.92,458.0,107051.27,,0.001857398659
2025-05-21,402.69,424.3,108682.56,,0.001857398659
2025-05-22,399.46,418.2,111183.12,,0.001857398659
2025-05-23,369.51,353.5,108718.63,,0.001857398659
2025-05-27,372.2,358.7,109873.7,,0.001861822585
2025-05-28,364.25,342.6,106982.24,,0.001861822585
2025-05-29,370.63,354.3,105730.47,,0.001861822585
2025-05-30,369.06,350.7,104624.25,,0.001861822585
2025-06-02,372.27,356.6,104473.96,,0.001862667723
2025-06-03,387.43,384.9,106284.38,,0.001862667723
2025-06-04,378.1,366.4,104994.73,,0.001862667723
2025-06-05,368.79,347.8,101929.55,,0.001862667723
2025-06-06,374.47,356.9,104290.76,,0.001862667723
2025-06-09,392.12,390.2,108641.05,,0.001863944841
2025-06-10,391.18,388.1,109473.95,,0.001863944841
2025-06-11,387.11,379.1,108724.62,,0.001863944841
2025-06-12,379.76,365.1,106816.0,,0.001863944841
2025-06-13,382.87,370.0,105099.28,,0.001863944841
2025-06-16,382.25,367.9,108668.04,,0.001875623914
2025-06-17,375.18,353.8,104737.29,,0.001875623914
2025-06-18,369.03,341.7,103880.57,,0.001875623914
2025-06-20,369.7,341.8,103363.84,,0.001875623914
2025-06-23,367.18,336.3,103236.3,,0.001875909507
2025-06-24,377.02,354.2,105697.19,,0.001875909507
2025-06-25,388.67,375.8,107752.31,,0.001875909507
2025-06-26,386.44,370.2,107576.52,,0.001875909507
2025-06-27,383.88,364.6,106873.32,,0.001875909507
2025-06-30,404.23,403.6,107778.67,,0.001913775199
2025-07-01,373.3,341.2,105441.39,,0.001913775199
2025-07-02,402.28,393.0,109749.21,,0.001913775199
2025-07-03,403.99,395.2,109852.84,,0.001913775199
2025-07-07,395.67,378.4,108080.57,,0.001913775199
2025-07-08,396.94,380.1,108777.64,,0.001913775199
2025-07-09,415.41,415.7,111713.44,,0.001913775199
2025-07-10,421.74,427.4,113433.35,,0.001913775199
2025-07-11,434.58,452.0,118047.46,,0.001913775199
2025-07-14,451.02,486.1,119898.91,,0.001920009985
2025-07-15,442.31,466.0,116501.52,,0.001920009985
2025-07-16,455.9,494.3,119317.88,,0.001920009985
2025-07-17,451.34,483.4,118997.29,,0.001920009985
2025-07-18,423.22,423.0,117457.9,,0.001920009985
2025-07-21,426.28,427.7,116762.44,,0.001928778491
2025-07-22,426.4,428.5,119295.74,,0.001928778491
2025-07-23,412.67,400.1,118432.2,,0.001928778491
2025-07-24,414.92,403.9,119021.38,,0.001928778491
2025-07-25,405.89,385.2,116765.35,,0.001928778491
2025-07-28,403.8,381.0,118002.34,,0.001928778491
2025-07-29,394.66,363.4,117524.16,,0.001928778491
2025-07-30,395.04,363.8,116913.71,94.5,0.001928778491
2025-07-31,401.86,377.3,116777.66,94.48,0.001928778491
2025-08-01,366.63,309.2,113243.13,94.14,0.001928778491
2025-08-04,389.24,346.0,114753.06,96.39,0.001969655425
2025-08-05,375.46,320.9,113721.86,96.5,0.001969655425
2025-08-06,383.41,334.2,115279.6,97.0,0.001969655425
2025-08-07,402.01,365.9,117518.5,97.59,0.001969655425
2025-08-08,395.13,352.6,116461.08,97.5,0.001969655425
2025-08-11,400.25,361.5,119069.25,98.05,0.0019698642
2025-08-12,394.39,350.0,119633.86,97.79,0.0019698642
2025-08-13,389.9,342.6,122776.17,97.9,0.0019698642
2025-08-14,372.94,311.5,118009.68,98.01,0.0019698642
2025-08-15,366.32,300.1,116988.03,96.95,0.0019698642
2025-08-18,363.6,295.1,116360.41,96.25,0.00197038493
2025-08-19,336.57,250.8,113177.13,93.6,0.00197038493
2025-08-20,344.37,262.5,114210.66,93.99,0.00197038493
2025-08-21,337.58,251.6,112126.98,94.44,0.00197038493
2025-08-22,358.13,281.5,116626.09,95.05,0.00197038493
2025-08-25,343.2,257.8,110681.68,95.1,0.001974057569
2025-08-26,351.36,269.3,111130.51,95.66,0.001974057569
2025-08-27,342.06,255.3,112061.19,96.52,0.001974057569
2025-08-28,338.84,249.5,112002.27,97.41,0.001974057569
2025-08-29,334.41,242.5,108226.96,97.75,0.001974057569
2025-09-02,341.62,252.2,110780.95,97.48,0.001978806183
2025-09-03,330.26,235.4,112244.59,97.67,0.001978806183
2025-09-04,327.59,230.8,109844.3,97.46,0.001978806183
2025-09-05,335.87,242.3,111609.98,97.6,0.001978806183
2025-09-08,329.9,233.4,112035.32,97.56,0.001980906976
2025-09-09,328.53,230.8,111334.52,97.33,0.001980906976
2025-09-10,326.45,228.0,113597.12,97.4,0.001980906976
2025-09-11,326.02,226.9,114475.26,97.37,0.001980906976
2025-09-12,331.44,233.9,116742.59,97.25,0.001980906976
2025-09-15,327.79,228.2,115320.37,96.9,0.00198143139
2025-09-16,335.09,238.1,116803.69,96.95,0.00198143139
2025-09-17,329.71,230.4,115729.71,97.26,0.00198143139
2025-09-18,349.12,257.6,117486.6,97.5,0.00198143139
2025-09-19,344.75,250.2,115175.92,97.7,0.00198143139
2025-09-22,335.93,237.0,112184.29,97.55,0.001982369894
2025-09-23,327.78,225.5,111676.88,97.4,0.001982369894
2025-09-24,323.31,219.1,113494.3,97.5,0.001982369894
2025-09-25,300.7,188.2,109351.21,96.92,0.001982369894
2025-09-26,309.06,197.6,109237.97,97.0,0.001982369894
2025-09-29,326.42,219.5,114300.71,97.05,0.001982567092
2025-09-30,322.21,213.8,114394.54,97.06,0.001982567092
2025-10-01,338.41,235.0,117490.7,97.98,0.001982567092
2025-10-02,352.33,254.0,120897.2,98.97,0.001982567092
2025-10-03,351.63,252.8,122736.22,99.0,0.001982567092
2025-10-06,359.69,263.5,125420.2,99.15,0.001982567092
2025-10-07,328.4,218.2,121742.66,98.7,0.001982567092
2025-10-08,330.8,220.5,123500.16,98.9,0.001982567092
2025-10-09,320.29,206.5,120998.8,98.75,0.001982567092
2025-10-10,304.79,186.0,116673.0,98.63,0.001982567092
2025-10-13,315.47,198.6,115924.75,99.03,0.001982764702
2025-10-14,300.67,179.7,112735.98,98.8,0.001982764702
2025-10-15,296.76,174.7,111416.59,98.38,0.001982764702
2025-10-16,283.84,159.4,108226.65,97.3,0.001982764702
2025-10-17,289.87,165.6,106490.47,97.4,0.001982764702
2025-10-20,296.61,173.2,110856.19,98.62,0.00198290993
2025-10-21,301.91,179.2,111831.59,98.625,0.00198290993
2025-10-22,280.81,154.3,107837.41,98.12,0.00198290993
2025-10-23,284.92,158.0,110272.05,98.67,0.00198290993
2025-10-24,289.08,162.4,110648.44,98.71,0.00198290993
2025-10-27,295.63,170.0,114897.96,98.5,0.001983212138
2025-10-28,284.64,157.2,113662.38,98.6,0.001983212138
2025-10-29,275.36,146.7,110716.09,98.72,0.001983212138
2025-10-30,254.57,124.2,106510.96,98.89,0.001983212138
2025-10-31,269.51,138.7,109806.09,99.38,0.001983212138
2025-11-03,264.67,133.2,106613.51,99.61,0.002023335362
2025-11-04,246.99,115.4,100701.06,99.74,0.002023335362
2025-11-05,255.0,122.5,103863.73,100.01,0.002023335362
2025-11-06,237.2,105.4,100860.14,99.89,0.002023335362
2025-11-07,241.93,109.4,103766.36,99.18,0.002023335362
2025-11-10,238.88,106.5,105993.2,99.96,0.002023646003
2025-11-11,231.35,99.6,102730.49,100.0,0.002023646003
2025-11-12,224.61,93.7,101523.38,100.01,0.002023646003
2025-11-13,208.54,80.2,98051.35,98.625,0.002023646003
2025-11-14,199.75,73.2,94269.07,97.76,0.002023646003
2025-11-17,195.42,70.0,91871.97,94.58,0.002027591741
2025-11-18,206.8,78.0,92781.91,96.39,0.002027591741
2025-11-19,186.5,62.5,89448.64,94.59,0.002027591741
2025-11-20,177.13,56.4,86329.06,92.79,0.002027591741
2025-11-21,170.5,51.9,84502.38,95.38,0.002027591741
2025-11-24,179.04,57.0,89113.7,96.38,0.002027591741
2025-11-25,172.19,52.5,87336.89,96.29,0.002027591741
2025-11-26,175.64,54.7,89901.26,97.17,0.002027591741
2025-11-28,177.18,55.3,91228.87,96.66,0.002027591741
2025-12-01,171.42,51.7,85455.18,96.41,0.002027633043
2025-12-02,181.33,57.6,91119.13,97.8,0.002027633043
2025-12-03,188.39,62.0,92971.89,98.2,0.002027633043
2025-12-04,186.01,60.4,92514.66,98.2,0.002027633043
2025-12-05,178.99,55.8,89323.06,98.19,0.002027633043
2025-12-08,183.69,58.6,90812.79,98.53,0.002031202588
2025-12-09,188.99,61.8,93090.62,99.09,0.002031202588
2025-12-10,184.64,58.9,92490.6,98.98,0.002031202588
2025-12-11,183.3,58.1,91794.12,99.07,0.002031202588
2025-12-12,176.45,53.5,90227.99,99.06,0.002031202588
2025-12-15,162.08,44.8,85818.16,97.7,0.002032632273
2025-12-16,167.5,47.6,87615.64,97.84,0.002032632273
2025-12-17,160.38,43.7,85836.91,97.33,0.002032632273
2025-12-18,158.24,42.4,85134.09,97.9,0.002032632273
2025-12-19,164.82,45.6,87938.23,98.74,0.002032632273
2025-12-22,164.32,45.6,88321.26,98.94,0.002032632273
2025-12-23,157.88,41.9,87657.47,99.0,0.002032632273
2025-12-24,158.71,42.3,87532.16,98.96,0.002032632273
2025-12-26,158.81,42.1,87524.15,99.15,0.002032632273
2025-12-29,155.39,40.2,87157.78,98.79,0.00203258377
2025-12-30,155.61,40.3,87821.83,98.98,0.00203258377
2025-12-31,151.95,38.5,87531.63,98.795,0.00203258377
2026-01-02,157.16,40.9,89724.68,99.67,0.00203258377
2026-01-05,164.72,44.8,94146.82,99.93,0.001971822811
2026-01-06,157.97,41.3,92438.01,99.97,0.001971822811
2026-01-07,161.83,43.1,91055.89,99.99,0.001971822811
2026-01-08,166.97,45.7,90836.76,100.03,0.001971822811
2026-01-09,157.33,40.5,90166.14,100.03,0.001971822811
2026-01-12,162.23,42.9,91404.16,100.07,0.001972449286
2026-01-13,172.99,48.5,94400.45,100.02,0.001972449286
2026-01-14,179.33,52.0,97641.7,100.05,0.001972449286
2026-01-15,170.91,47.0,95177.48,99.99,0.001972449286
2026-01-16,173.71,48.6,95476.12,100.01,0.001972449286
2026-01-20,160.23,41.0,89588.15,99.12,0.001973889955
2026-01-21,163.81,42.8,90095.61,99.55,0.001973889955
2026-01-22,160.98,41.2,89481.04,99.71,0.001973889955
2026-01-23,163.11,42.1,89372.0,99.5,0.001973889955
2026-01-26,160.58,40.8,87512.55,99.05,0.00197427365
2026-01-27,161.58,41.2,89295.15,99.16,0.00197427365
2026-01-28,158.45,39.6,89014.79,98.99,0.00197427365
2026-01-29,143.19,31.9,84068.18,98.19,0.00197427365
2026-01-30,149.71,34.7,83824.34,98.99,0.00197427365
2026-02-02,139.63,30.1,77918.99,99.05,0.001974330936
2026-02-03,133.26,27.3,76405.13,98.455,0.001974330936
2026-02-04,129.09,25.5,73351.74,97.99,0.001974330936
2026-02-05,106.99,16.7,63628.77,93.67,0.001974330936
2026-02-06,134.93,25.4,70005.51,98.76,0.001974330936
2026-02-09,138.44,26.7,70754.38,99.72,0.001974666351
2026-02-10,133.0,24.7,68724.52,99.67,0.001974666351
2026-02-11,126.07,22.0,67523.42,100.0,0.001974666351
2026-02-12,123.0,20.9,65338.66,100.03,0.001974666351
2026-02-13,133.88,24.5,68738.23,99.8,0.001974666351
2026-02-17,128.67,22.6,67764.27,99.33,0.001972524336
2026-02-18,125.2,21.4,66218.62,99.5,0.001972524336
2026-02-19,129.45,22.8,67095.48,99.66,0.001972524336
2026-02-20,131.05,23.3,67725.75,99.82,0.001972524336
2026-02-23,123.71,20.8,64440.07,99.84,0.001972665673
2026-02-24,124.61,21.0,64471.14,99.91,0.001972665673
2026-02-25,135.65,24.7,69195.24,99.96,0.001972665673
2026-02-26,133.4,23.8,67369.7,100.0,0.001972665673
2026-02-27,129.5,22.5,65590.06,100.0,0.001972665673
2026-03-02,137.65,25.1,69171.98,100.0,0.001973649439
2026-03-03,132.68,23.3,68225.58,100.01,0.001973649439
2026-03-04,146.44,28.1,73110.63,100.05,0.001973649439
2026-03-05,139.81,25.7,71248.12,100.01,0.001973649439
2026-03-06,133.53,23.2,68119.67,100.02,0.001973649439
2026-03-09,138.95,25.1,69006.2,100.06,0.001979873108
2026-03-10,138.46,24.9,70050.23,100.02,0.001979873108
2026-03-11,138.33,24.8,70670.0,100.03,0.001979873108
2026-03-12,137.34,24.4,70487.48,100.01,0.001979873108
2026-03-13,139.67,25.2,71175.09,99.75,0.001979873108
2026-03-16,147.52,28.0,73980.87,99.83,0.001986738341
2026-03-17,150.28,29.0,74510.23,99.875,0.001986738341
2026-03-18,140.56,25.2,71058.62,99.57,0.001986738341
2026-03-19,138.24,24.36,70277.43,99.48,0.001986738341
2026-03-20,135.66,23.45,70160.94,99.55,0.001986738341
2026-03-23,138.2,24.26,70679.42,99.86,0.001986999478
2026-03-24,136.25,23.58,69318.8,99.95,0.001986999478
2026-03-25,139.13,24.54,70849.5,99.94,0.001986999478
2026-03-26,132.93,22.35,68510.28,99.97,0.001986999478
2026-03-27,126.03,19.99,66021.2,99.91,0.001986999478
2026-03-30,121.44,18.5,66480.58,99.965,0.001986999478
2026-03-31,124.8,19.55,67817.83,100.02,0.001986999478
2026-04-01,122.78,18.85,68129.8,100.0,0.001986999478
2026-04-02,119.83,17.91,66964.63,100.0,0.001986999478
2026-04-06,127.69,20.22,69733.0,100.0,0.002034360358
2026-04-07,123.72,18.98,69001.3,100.0,0.002034360358
2026-04-08,128.3,20.3,71319.57,100.0,0.002034360358
2026-04-09,128.86,20.49,72109.13,100.0,0.002034360358
2026-04-10,128.64,20.34,73218.2,100.0,0.002034360358
2026-04-13,132.36,21.52,73379.05,100.0,0.002033759693
2026-04-14,137.41,23.16,74329.2,100.0,0.002033759693
2026-04-15,143.54,25.17,75057.68,99.32,0.002033759693
2026-04-16,148.94,27.07,75384.94,99.06,0.002033759693
2026-04-17,166.52,33.41,77463.88,99.21,0.002033759693
2026-04-20,170.81,35.12,76311.11,99.32,0.00204960983
2026-04-21,163.97,32.21,75004.37,99.29,0.00204960983
2026-04-22,179.36,38.21,78918.52,99.44,0.00204960983
2026-04-23,172.47,35.25,77732.54,99.6,0.00204960983
2026-04-24,171.02,34.62,77657.02,99.53,0.00204960983
2026-04-27,169.2,33.85,76873.27,99.45,0.002157567629
2026-04-28,165.71,32.35,76338.21,99.45,0.002157567629
2026-04-29,158.19,29.46,75523.26,99.47,0.002157567629
2026-04-30,165.45,32.11,76380.03,99.75,0.002157567629
2026-05-01,177.17,36.6,78398.82,99.86,0.002157567629
2026-05-04,183.8,39.45,80015.0,99.95,0.002157567629
2026-05-05,186.9,40.66,81610.18,99.96,0.002157567629
2026-05-06,186.82,40.58,81463.4,99.97,0.002157567629
2026-05-07,179.84,37.35,80161.99,99.96,0.002157567629
2026-05-08,187.59,40.53,80121.37,99.99,0.002157567629
2026-05-11,195.94,44.22,81969.28,100.0,0.002157846745
2026-05-12,184.42,39.01,80823.99,99.99,0.002157846745
2026-05-13,178.03,36.28,79611.36,100.0,0.002157846745
2026-05-14,186.97,39.8,81459.98,100.0,0.002157846745
2026-05-15,177.42,35.67,79130.7,99.19,0.002157846745
2026-05-18,166.63,31.39,76905.0,98.61,0.002165189662
2026-05-19,164.63,30.52,76773.44,98.99,0.002165189662
2026-05-20,165.81,30.95,77602.0,99.16,0.002165189662
2026-05-21,164.85,30.58,77630.8,99.32,0.002165189662
2026-05-22,159.89,28.62,75783.75,99.3,0.002165189662
2026-05-26,159.93,28.62,75930.01,99.47,0.002165189662
2026-05-27,154.2,26.51,74909.98,99.17,0.002165189662
2026-05-28,151.64,25.62,73314.0,98.57,0.002165189662
2026-05-29,159.09,28.14,73417.93,98.99,0.002165189662
2026-06-01,149.78,24.74,71478.68,98.07,0.002165107544
2026-06-02,136.08,20.27,67195.98,96.71,0.002165107544
2026-06-03,126.55,17.35,65356.09,94.65,0.002165107544
2026-06-04,129.37,18.1,63547.89,95.42,0.002165107544
2026-06-05,120.44,15.54,60256.92,93.4,0.002165107544
2026-06-08,127.2,17.31,63373.8,96.85,0.002165272305
2026-06-09,117.02,14.57,62060.37,96.18,0.002165272305
2026-06-10,115.35,14.09,61889.27,95.81,0.002165272305
2026-06-11,120.15,15.23,63584.24,96.49,0.002165272305
2026-06-12,123.97,16.18,63569.27,94.8,0.002165272305
2026-06-15,131.14,18.03,66561.88,95.2,0.002165367398
2026-06-16,122.81,15.75,65572.33,91.79,0.002165367398
2026-06-17,116.56,14.15,64216.49,89.0,0.002165367398
2026-06-18,112.53,13.08,62905.5,88.59,0.002165367398
2026-06-22,109.46,12.42,64421.99,88.79,0.002165191129
2026-06-23,103.84,11.09,62316.73,87.31,0.002165191129
2026-06-24,94.13,9.01,59870.63,80.84,0.002165191129
2026-06-25,85.33,7.33,59220.18,75.69,0.002165191129
2026-06-26,82.31,6.76,59700.3,74.57,0.002165191129
2026-06-29,92.68,8.48,60327.14,83.67,0.002165191129
2026-06-30,86.93,7.44,58671.46,84.86,0.002165191129
2026-07-01,93.39,8.53,59992.2,87.46,0.002165191129
2026-07-02,100.77,9.83,61446.09,87.87,0.002165191129
2026-07-06,100.77,9.85,63692.97,88.58,0.002126382231
2026-07-07,97.36,9.17,63793.79,86.56,0.002126382231
2026-07-08,93.87,8.49,62199.1,86.17,0.002126382231
2026-07-09,93.89,8.49,63205.0,85.71,0.002126382231
2026-07-10,94.64,8.6,63892.01,87.48,0.002126382231
2026-07-13,92.1,8.14,62189.53,87.02,0.002126382231
2026-07-14,97.58,9.08,64548.0,88.21,0.002126382231
2026-07-15,97.47,9.06,64943.61,87.78,0.002126382231
2026-07-16,94.03,8.41,64217.54,85.42,0.002126382231
2026-07-17,94.85,8.54,64096.69,85.29,0.002126382231
2026-07-20,97.82,9.05,65129.95,87.1,0.002126382231
2026-07-21,101.95,9.83,66466.0,88.16,0.002126382231
2026-07-22,100.01,9.42,65830.13,87.45,0.002126382231
2026-07-23,93.63,8.24,64763.58,84.94,0.002126382231
2026-07-24,91.67,7.86,64170.17,86.885,0.002126382231
2026-07-27,98.65,9.04,64915.16,88.32,0.002034843361
2026-07-28,96.16,8.58,63840.0,88.22,0.002034843361
2026-07-29,93.33,8.08,63523.43,87.51,0.002034843361
2026-07-30,97.74,8.79,64723.73,89.5,0.002034843361
2026-07-31,93.28,8.04,62896.75,89.46,0.002034843361
2026-08-03,94.86,8.26,63824.62,92.32,0.002016416867
2026-08-04,97.65,8.76,64208.92,92.53,0.002016416867
2026-08-05,98.37,8.86,64817.29,94.1,0.002016416867
2026-08-06,96.85,8.59,64396.7,94.06,0.002016416867
2026-08-07,100.01,9.13,64917.91,95.01,0.002016416867
2026-08-10,97.33,8.63,63978.66,94.35,0.001981469201
2026-08-11,96.09,8.41,63476.0,95.32,0.001981469201
2026-08-12,94.83,8.19,63350.77,95.315,0.001981469201
2026-08-13,97.1,8.57,63339.46,95.77,0.001981469201
2026-08-14,93.04,7.82,62905.0,94.78,0.001981469201
2026-08-17,97.68,8.59,64260.9,94.36,0.001965618034
2026-08-18,92.52,7.81,64612.53,94.01,0.001965618034
2026-08-19,104.25,9.63,68428.6,95.31,0.001965618034
2026-08-20,112.39,11.12,72678.23,95.25,0.001965618034
2026-08-21,119.25,12.45,77028.0,96.18,0.001965618034
2026-08-24,122.63,13.15,78787.52,97.21,0.001885968657
2026-08-25,126.83,14.04,78964.0,97.15,0.001885968657
2026-08-26,123.19,13.21,78487.61,97.16,0.001885968657
2026-08-27,137.4,16.24,79934.53,98.0,0.001885968657
2026-08-28,127.31,13.87,77558.06,97.33,0.001885968657
2026-08-31,132.94,15.07,78904.09,97.1,0.00187742162
2026-09-01,124.88,13.21,77277.16,96.8,0.00187742162
2026-09-02,123.19,12.84,77332.99,97.07,0.00187742162
2026-09-03,144.82,17.33,81771.99,97.82,0.00187742162
2026-09-04,142.8,16.79,79775.78,97.75,0.00187742162
2026-09-08,136.52,15.35,78429.88,98.04,0.00187742162
2026-09-09,132.7,14.46,78215.55,97.85,0.00187742162
2026-09-10,128.56,13.55,77128.16,97.97,0.00187742162
2026-09-11,130.97,14.01,77256.62,98.64,0.00187742162
2026-09-14,136.94,15.29,78985.01,98.91,0.00187742162
2026-09-15,129.6,13.64,76119.47,97.14,0.00187742162
2026-09-16,126.18,12.95,75702.73,97.07,0.00187742162
2026-09-17,132.25,14.14,76498.54,98.13,0.00187742162
2026-09-18,153.92,18.73,81096.19,98.51,0.00187742162
2026-09-21,168.5,22.3,86989.9,98.78,0.001879549079
2026-09-22,167.33,22.0,86262.57,99.06,0.001879549079
2026-09-23,162.2,20.64,84235.35,98.91,0.001879549079
2026-09-24,161.61,20.46,84359.98,98.31,0.001879549079
